Tahun,Provinsi,Persentase,Aktivitas
Tahun 2019,INDONESIA,50.94,Lainnya
Tahun 2019,ACEH,43.99,Bekerja
Tahun 2019,SUMATERA UTARA,45.46,Bekerja
Tahun 2019,SUMATERA BARAT,44.50,Bekerja
Tahun 2019,RIAU,52.75,Bekerja
Tahun 2019,JAMBI,46.00,Bekerja
Tahun 2019,SUMATERA SELATAN,41.12,Bekerja
Tahun 2019,BENGKULU,42.00,Bekerja
Tahun 2019,LAMPUNG,42.96,Bekerja
Tahun 2019,KEP. BANGKA BELITUNG,50.83,Bekerja
Tahun 2019,KEP. RIAU,77.52,Bekerja
Tahun 2019,DKI JAKARTA,85.37,Bekerja
Tahun 2019,JAWA BARAT,61.21,Bekerja
Tahun 2019,JAWA TENGAH,50.28,Bekerja
Tahun 2019,DI YOGYAKARTA,63.46,Bekerja
Tahun 2019,JAWA TIMUR,49.45,Bekerja
Tahun 2019,BANTEN,66.21,Bekerja
Tahun 2019,BALI,57.58,Bekerja
Tahun 2019,NUSA TENGGARA BARAT,40.88,Bekerja
Tahun 2019,NUSA TENGGARA TIMUR,30.88,Bekerja
Tahun 2019,KALIMANTAN BARAT,40.60,Bekerja
Tahun 2019,KALIMANTAN TENGAH,50.93,Bekerja
Tahun 2019,KALIMANTAN SELATAN,51.68,Bekerja
Tahun 2019,KALIMANTAN TIMUR,66.74,Bekerja
Tahun 2019,KALIMANTAN UTARA,62.02,Bekerja
Tahun 2019,SULAWESI UTARA,50.96,Bekerja
Tahun 2019,SULAWESI TENGAH,39.51,Bekerja
Tahun 2019,SULAWESI SELATAN,49.36,Bekerja
Tahun 2019,SULAWESI TENGGARA,48.02,Bekerja
Tahun 2019,GORONTALO,42.92,Bekerja
Tahun 2019,SULAWESI BARAT,36.26,Bekerja
Tahun 2019,MALUKU,38.58,Bekerja
Tahun 2019,MALUKU UTARA,34.84,Bekerja
Tahun 2019,PAPUA BARAT,49.46,Bekerja
Tahun 2019,PAPUA,22.17,Bekerja
Tahun 2019,INDONESIA,52.54,Bekerja
Tahun 2019,ACEH,41.95,Sekolah
Tahun 2019,SUMATERA UTARA,56.00,Sekolah
Tahun 2019,SUMATERA BARAT,59.71,Sekolah
Tahun 2019,RIAU,56.66,Sekolah
Tahun 2019,JAMBI,62.65,Sekolah
Tahun 2019,SUMATERA SELATAN,57.28,Sekolah
Tahun 2019,BENGKULU,60.44,Sekolah
Tahun 2019,LAMPUNG,61.31,Sekolah
Tahun 2019,KEP. BANGKA BELITUNG,64.20,Sekolah
Tahun 2019,KEP. RIAU,65.99,Sekolah
Tahun 2019,DKI JAKARTA,78.56,Sekolah
Tahun 2019,JAWA BARAT,69.65,Sekolah
Tahun 2019,JAWA TENGAH,73.60,Sekolah
Tahun 2019,DI YOGYAKARTA,87.12,Sekolah
Tahun 2019,JAWA TIMUR,72.30,Sekolah
Tahun 2019,BANTEN,67.62,Sekolah
Tahun 2019,BALI,77.32,Sekolah
Tahun 2019,NUSA TENGGARA BARAT,58.94,Sekolah
Tahun 2019,NUSA TENGGARA TIMUR,32.24,Sekolah
Tahun 2019,KALIMANTAN BARAT,54.45,Sekolah
Tahun 2019,KALIMANTAN TENGAH,62.50,Sekolah
Tahun 2019,KALIMANTAN SELATAN,73.16,Sekolah
Tahun 2019,KALIMANTAN TIMUR,71.90,Sekolah
Tahun 2019,KALIMANTAN UTARA,64.94,Sekolah
Tahun 2019,SULAWESI UTARA,64.68,Sekolah
Tahun 2019,SULAWESI TENGAH,51.97,Sekolah
Tahun 2019,SULAWESI SELATAN,63.20,Sekolah
Tahun 2019,SULAWESI TENGGARA,56.20,Sekolah
Tahun 2019,GORONTALO,64.78,Sekolah
Tahun 2019,SULAWESI BARAT,43.08,Sekolah
Tahun 2019,MALUKU,43.01,Sekolah
Tahun 2019,MALUKU UTARA,36.09,Sekolah
Tahun 2019,PAPUA BARAT,50.88,Sekolah
Tahun 2019,PAPUA,30.54,Sekolah
Tahun 2019,INDONESIA,64.88,Sekolah
Tahun 2019,ACEH,29.64,Mengurus Rumah Tangga
Tahun 2019,SUMATERA UTARA,37.89,Mengurus Rumah Tangga
Tahun 2019,SUMATERA BARAT,34.44,Mengurus Rumah Tangga
Tahun 2019,RIAU,39.45,Mengurus Rumah Tangga
Tahun 2019,JAMBI,35.13,Mengurus Rumah Tangga
Tahun 2019,SUMATERA SELATAN,31.57,Mengurus Rumah Tangga
Tahun 2019,BENGKULU,34.32,Mengurus Rumah Tangga
Tahun 2019,LAMPUNG,32.88,Mengurus Rumah Tangga
Tahun 2019,KEP. BANGKA BELITUNG,40.26,Mengurus Rumah Tangga
Tahun 2019,KEP. RIAU,61.36,Mengurus Rumah Tangga
Tahun 2019,DKI JAKARTA,69.06,Mengurus Rumah Tangga
Tahun 2019,JAWA BARAT,46.97,Mengurus Rumah Tangga
Tahun 2019,JAWA TENGAH,38.88,Mengurus Rumah Tangga
Tahun 2019,DI YOGYAKARTA,50.67,Mengurus Rumah Tangga
Tahun 2019,JAWA TIMUR,38.42,Mengurus Rumah Tangga
Tahun 2019,BANTEN,48.66,Mengurus Rumah Tangga
Tahun 2019,BALI,41.18,Mengurus Rumah Tangga
Tahun 2019,NUSA TENGGARA BARAT,31.74,Mengurus Rumah Tangga
Tahun 2019,NUSA TENGGARA TIMUR,24.82,Mengurus Rumah Tangga
Tahun 2019,KALIMANTAN BARAT,36.25,Mengurus Rumah Tangga
Tahun 2019,KALIMANTAN TENGAH,41.12,Mengurus Rumah Tangga
Tahun 2019,KALIMANTAN SELATAN,43.73,Mengurus Rumah Tangga
Tahun 2019,KALIMANTAN TIMUR,53.31,Mengurus Rumah Tangga
Tahun 2019,KALIMANTAN UTARA,49.52,Mengurus Rumah Tangga
Tahun 2019,SULAWESI UTARA,40.42,Mengurus Rumah Tangga
Tahun 2019,SULAWESI TENGAH,28.57,Mengurus Rumah Tangga
Tahun 2019,SULAWESI SELATAN,35.43,Mengurus Rumah Tangga
Tahun 2019,SULAWESI TENGGARA,36.41,Mengurus Rumah Tangga
Tahun 2019,GORONTALO,36.28,Mengurus Rumah Tangga
Tahun 2019,SULAWESI BARAT,26.97,Mengurus Rumah Tangga
Tahun 2019,MALUKU,31.60,Mengurus Rumah Tangga
Tahun 2019,MALUKU UTARA,25.51,Mengurus Rumah Tangga
Tahun 2019,PAPUA BARAT,40.01,Mengurus Rumah Tangga
Tahun 2019,PAPUA,23.13,Mengurus Rumah Tangga
Tahun 2019,INDONESIA,40.99,Mengurus Rumah Tangga
Tahun 2019,ACEH,48.52,Lainnya
Tahun 2019,SUMATERA UTARA,43.51,Lainnya
Tahun 2019,SUMATERA BARAT,49.57,Lainnya
Tahun 2019,RIAU,54.04,Lainnya
Tahun 2019,JAMBI,47.34,Lainnya
Tahun 2019,SUMATERA SELATAN,45.01,Lainnya
Tahun 2019,BENGKULU,50.69,Lainnya
Tahun 2019,LAMPUNG,47.68,Lainnya
Tahun 2019,KEP. BANGKA BELITUNG,46.72,Lainnya
Tahun 2019,KEP. RIAU,66.92,Lainnya
Tahun 2019,DKI JAKARTA,67.25,Lainnya
Tahun 2019,JAWA BARAT,53.08,Lainnya
Tahun 2019,JAWA TENGAH,45.45,Lainnya
Tahun 2019,DI YOGYAKARTA,50.80,Lainnya
Tahun 2019,JAWA TIMUR,49.59,Lainnya
Tahun 2019,BANTEN,56.81,Lainnya
Tahun 2019,BALI,47.24,Lainnya
Tahun 2019,NUSA TENGGARA BARAT,47.97,Lainnya
Tahun 2019,NUSA TENGGARA TIMUR,38.95,Lainnya
Tahun 2019,KALIMANTAN BARAT,47.11,Lainnya
Tahun 2019,KALIMANTAN TENGAH,47.21,Lainnya
Tahun 2019,KALIMANTAN SELATAN,56.36,Lainnya
Tahun 2019,KALIMANTAN TIMUR,58.11,Lainnya
Tahun 2019,KALIMANTAN UTARA,50.22,Lainnya
Tahun 2019,SULAWESI UTARA,50.04,Lainnya
Tahun 2019,SULAWESI TENGAH,39.56,Lainnya
Tahun 2019,SULAWESI SELATAN,55.91,Lainnya
Tahun 2019,SULAWESI TENGGARA,44.13,Lainnya
Tahun 2019,GORONTALO,53.46,Lainnya
Tahun 2019,SULAWESI BARAT,51.03,Lainnya
Tahun 2019,MALUKU,42.24,Lainnya
Tahun 2019,MALUKU UTARA,34.83,Lainnya
Tahun 2019,PAPUA BARAT,52.75,Lainnya
Tahun 2019,PAPUA,28.16,Lainnya
Tahun 2020,ACEH,51.84,Bekerja
Tahun 2020,SUMATERA UTARA,51.80,Bekerja
Tahun 2020,SUMATERA BARAT,50.78,Bekerja
Tahun 2020,RIAU,60.19,Bekerja
Tahun 2020,JAMBI,51.73,Bekerja
Tahun 2020,SUMATERA SELATAN,47.71,Bekerja
Tahun 2020,BENGKULU,45.87,Bekerja
Tahun 2020,LAMPUNG,49.46,Bekerja
Tahun 2020,KEP. BANGKA BELITUNG,56.17,Bekerja
Tahun 2020,KEP. RIAU,82.32,Bekerja
Tahun 2020,DKI JAKARTA,87.53,Bekerja
Tahun 2020,JAWA BARAT,66.97,Bekerja
Tahun 2020,JAWA TENGAH,57.01,Bekerja
Tahun 2020,DI YOGYAKARTA,70.64,Bekerja
Tahun 2020,JAWA TIMUR,55.74,Bekerja
Tahun 2020,BANTEN,69.64,Bekerja
Tahun 2020,BALI,64.75,Bekerja
Tahun 2020,NUSA TENGGARA BARAT,46.81,Bekerja
Tahun 2020,NUSA TENGGARA TIMUR,35.93,Bekerja
Tahun 2020,KALIMANTAN BARAT,48.25,Bekerja
Tahun 2020,KALIMANTAN TENGAH,56.61,Bekerja
Tahun 2020,KALIMANTAN SELATAN,56.92,Bekerja
Tahun 2020,KALIMANTAN TIMUR,73.38,Bekerja
Tahun 2020,KALIMANTAN UTARA,68.89,Bekerja
Tahun 2020,SULAWESI UTARA,55.94,Bekerja
Tahun 2020,SULAWESI TENGAH,46.54,Bekerja
Tahun 2020,SULAWESI SELATAN,54.99,Bekerja
Tahun 2020,SULAWESI TENGGARA,53.79,Bekerja
Tahun 2020,GORONTALO,48.43,Bekerja
Tahun 2020,SULAWESI BARAT,43.47,Bekerja
Tahun 2020,MALUKU,44.95,Bekerja
Tahun 2020,MALUKU UTARA,42.42,Bekerja
Tahun 2020,PAPUA BARAT,56.51,Bekerja
Tahun 2020,PAPUA,26.22,Bekerja
Tahun 2020,INDONESIA,58.53,Bekerja
Tahun 2020,ACEH,47.91,Sekolah
Tahun 2020,SUMATERA UTARA,61.59,Sekolah
Tahun 2020,SUMATERA BARAT,61.83,Sekolah
Tahun 2020,RIAU,64.14,Sekolah
Tahun 2020,JAMBI,64.91,Sekolah
Tahun 2020,SUMATERA SELATAN,65.96,Sekolah
Tahun 2020,BENGKULU,64.89,Sekolah
Tahun 2020,LAMPUNG,66.91,Sekolah
Tahun 2020,KEP. BANGKA BELITUNG,71.74,Sekolah
Tahun 2020,KEP. RIAU,63.67,Sekolah
Tahun 2020,DKI JAKARTA,81.43,Sekolah
Tahun 2020,JAWA BARAT,76.15,Sekolah
Tahun 2020,JAWA TENGAH,79.47,Sekolah
Tahun 2020,DI YOGYAKARTA,91.32,Sekolah
Tahun 2020,JAWA TIMUR,77.77,Sekolah
Tahun 2020,BANTEN,66.81,Sekolah
Tahun 2020,BALI,83.11,Sekolah
Tahun 2020,NUSA TENGGARA BARAT,63.68,Sekolah
Tahun 2020,NUSA TENGGARA TIMUR,38.82,Sekolah
Tahun 2020,KALIMANTAN BARAT,59.53,Sekolah
Tahun 2020,KALIMANTAN TENGAH,65.43,Sekolah
Tahun 2020,KALIMANTAN SELATAN,76.76,Sekolah
Tahun 2020,KALIMANTAN TIMUR,77.09,Sekolah
Tahun 2020,KALIMANTAN UTARA,68.43,Sekolah
Tahun 2020,SULAWESI UTARA,69.88,Sekolah
Tahun 2020,SULAWESI TENGAH,61.67,Sekolah
Tahun 2020,SULAWESI SELATAN,69.22,Sekolah
Tahun 2020,SULAWESI TENGGARA,61.24,Sekolah
Tahun 2020,GORONTALO,68.32,Sekolah
Tahun 2020,SULAWESI BARAT,52.72,Sekolah
Tahun 2020,MALUKU,51.84,Sekolah
Tahun 2020,MALUKU UTARA,44.53,Sekolah
Tahun 2020,PAPUA BARAT,57.70,Sekolah
Tahun 2020,PAPUA,34.54,Sekolah
Tahun 2020,INDONESIA,70.18,Sekolah
Tahun 2020,ACEH,36.64,Mengurus Rumah Tangga
Tahun 2020,SUMATERA UTARA,44.67,Mengurus Rumah Tangga
Tahun 2020,SUMATERA BARAT,39.71,Mengurus Rumah Tangga
Tahun 2020,RIAU,47.03,Mengurus Rumah Tangga
Tahun 2020,JAMBI,41.41,Mengurus Rumah Tangga
Tahun 2020,SUMATERA SELATAN,41.48,Mengurus Rumah Tangga
Tahun 2020,BENGKULU,39.83,Mengurus Rumah Tangga
Tahun 2020,LAMPUNG,39.80,Mengurus Rumah Tangga
Tahun 2020,KEP. BANGKA BELITUNG,43.11,Mengurus Rumah Tangga
Tahun 2020,KEP. RIAU,67.51,Mengurus Rumah Tangga
Tahun 2020,DKI JAKARTA,75.34,Mengurus Rumah Tangga
Tahun 2020,JAWA BARAT,52.23,Mengurus Rumah Tangga
Tahun 2020,JAWA TENGAH,45.44,Mengurus Rumah Tangga
Tahun 2020,DI YOGYAKARTA,56.93,Mengurus Rumah Tangga
Tahun 2020,JAWA TIMUR,44.52,Mengurus Rumah Tangga
Tahun 2020,BANTEN,49.98,Mengurus Rumah Tangga
Tahun 2020,BALI,47.99,Mengurus Rumah Tangga
Tahun 2020,NUSA TENGGARA BARAT,35.41,Mengurus Rumah Tangga
Tahun 2020,NUSA TENGGARA TIMUR,32.34,Mengurus Rumah Tangga
Tahun 2020,KALIMANTAN BARAT,41.49,Mengurus Rumah Tangga
Tahun 2020,KALIMANTAN TENGAH,45.02,Mengurus Rumah Tangga
Tahun 2020,KALIMANTAN SELATAN,48.25,Mengurus Rumah Tangga
Tahun 2020,KALIMANTAN TIMUR,60.41,Mengurus Rumah Tangga
Tahun 2020,KALIMANTAN UTARA,56.93,Mengurus Rumah Tangga
Tahun 2020,SULAWESI UTARA,45.97,Mengurus Rumah Tangga
Tahun 2020,SULAWESI TENGAH,35.49,Mengurus Rumah Tangga
Tahun 2020,SULAWESI SELATAN,41.11,Mengurus Rumah Tangga
Tahun 2020,SULAWESI TENGGARA,45.32,Mengurus Rumah Tangga
Tahun 2020,GORONTALO,40.86,Mengurus Rumah Tangga
Tahun 2020,SULAWESI BARAT,32.74,Mengurus Rumah Tangga
Tahun 2020,MALUKU,34.77,Mengurus Rumah Tangga
Tahun 2020,MALUKU UTARA,30.39,Mengurus Rumah Tangga
Tahun 2020,PAPUA BARAT,47.93,Mengurus Rumah Tangga
Tahun 2020,PAPUA,29.26,Mengurus Rumah Tangga
Tahun 2020,INDONESIA,46.85,Mengurus Rumah Tangga
Tahun 2020,ACEH,58.10,Lainnya
Tahun 2020,SUMATERA UTARA,54.85,Lainnya
Tahun 2020,SUMATERA BARAT,58.38,Lainnya
Tahun 2020,RIAU,59.59,Lainnya
Tahun 2020,JAMBI,55.35,Lainnya
Tahun 2020,SUMATERA SELATAN,48.33,Lainnya
Tahun 2020,BENGKULU,56.55,Lainnya
Tahun 2020,LAMPUNG,55.28,Lainnya
Tahun 2020,KEP. BANGKA BELITUNG,64.67,Lainnya
Tahun 2020,KEP. RIAU,71.39,Lainnya
Tahun 2020,DKI JAKARTA,71.78,Lainnya
Tahun 2020,JAWA BARAT,58.73,Lainnya
Tahun 2020,JAWA TENGAH,53.01,Lainnya
Tahun 2020,DI YOGYAKARTA,56.49,Lainnya
Tahun 2020,JAWA TIMUR,57.99,Lainnya
Tahun 2020,BANTEN,61.07,Lainnya
Tahun 2020,BALI,56.34,Lainnya
Tahun 2020,NUSA TENGGARA BARAT,54.05,Lainnya
Tahun 2020,NUSA TENGGARA TIMUR,41.76,Lainnya
Tahun 2020,KALIMANTAN BARAT,48.57,Lainnya
Tahun 2020,KALIMANTAN TENGAH,58.46,Lainnya
Tahun 2020,KALIMANTAN SELATAN,63.32,Lainnya
Tahun 2020,KALIMANTAN TIMUR,64.91,Lainnya
Tahun 2020,KALIMANTAN UTARA,59.09,Lainnya
Tahun 2020,SULAWESI UTARA,55.91,Lainnya
Tahun 2020,SULAWESI TENGAH,48.98,Lainnya
Tahun 2020,SULAWESI SELATAN,57.55,Lainnya
Tahun 2020,SULAWESI TENGGARA,64.01,Lainnya
Tahun 2020,GORONTALO,61.38,Lainnya
Tahun 2020,SULAWESI BARAT,50.35,Lainnya
Tahun 2020,MALUKU,45.99,Lainnya
Tahun 2020,MALUKU UTARA,44.54,Lainnya
Tahun 2020,PAPUA BARAT,55.87,Lainnya
Tahun 2020,PAPUA,31.62,Lainnya
Tahun 2020,INDONESIA,57.35,Lainnya
Tahun 2021,ACEH,55.98,Bekerja
Tahun 2021,SUMATERA UTARA,59.62,Bekerja
Tahun 2021,SUMATERA BARAT,58.85,Bekerja
Tahun 2021,RIAU,66.09,Bekerja
Tahun 2021,JAMBI,57.61,Bekerja
Tahun 2021,SUMATERA SELATAN,54.83,Bekerja
Tahun 2021,BENGKULU,52.58,Bekerja
Tahun 2021,LAMPUNG,57.57,Bekerja
Tahun 2021,KEP. BANGKA BELITUNG,60.32,Bekerja
Tahun 2021,KEP. RIAU,87.42,Bekerja
Tahun 2021,DKI JAKARTA,91.23,Bekerja
Tahun 2021,JAWA BARAT,70.22,Bekerja
Tahun 2021,JAWA TENGAH,60.68,Bekerja
Tahun 2021,DI YOGYAKARTA,72.22,Bekerja
Tahun 2021,JAWA TIMUR,58.28,Bekerja
Tahun 2021,BANTEN,73.01,Bekerja
Tahun 2021,BALI,67.62,Bekerja
Tahun 2021,NUSA TENGGARA BARAT,50.98,Bekerja
Tahun 2021,NUSA TENGGARA TIMUR,43.78,Bekerja
Tahun 2021,KALIMANTAN BARAT,54.82,Bekerja
Tahun 2021,KALIMANTAN TENGAH,61.64,Bekerja
Tahun 2021,KALIMANTAN SELATAN,62.86,Bekerja
Tahun 2021,KALIMANTAN TIMUR,76.99,Bekerja
Tahun 2021,KALIMANTAN UTARA,72.61,Bekerja
Tahun 2021,SULAWESI UTARA,60.81,Bekerja
Tahun 2021,SULAWESI TENGAH,50.54,Bekerja
Tahun 2021,SULAWESI SELATAN,59.35,Bekerja
Tahun 2021,SULAWESI TENGGARA,57.32,Bekerja
Tahun 2021,GORONTALO,52.58,Bekerja
Tahun 2021,SULAWESI BARAT,47.05,Bekerja
Tahun 2021,MALUKU,52.27,Bekerja
Tahun 2021,MALUKU UTARA,46.13,Bekerja
Tahun 2021,PAPUA BARAT,57.23,Bekerja
Tahun 2021,PAPUA,25.22,Bekerja
Tahun 2021,INDONESIA,62.58,Bekerja
Tahun 2021,ACEH,59.85,Sekolah
Tahun 2021,SUMATERA UTARA,80.45,Sekolah
Tahun 2021,SUMATERA BARAT,80.93,Sekolah
Tahun 2021,RIAU,80.28,Sekolah
Tahun 2021,JAMBI,78.86,Sekolah
Tahun 2021,SUMATERA SELATAN,85.19,Sekolah
Tahun 2021,BENGKULU,83.13,Sekolah
Tahun 2021,LAMPUNG,88.71,Sekolah
Tahun 2021,KEP. BANGKA BELITUNG,88.83,Sekolah
Tahun 2021,KEP. RIAU,89.35,Sekolah
Tahun 2021,DKI JAKARTA,94.62,Sekolah
Tahun 2021,JAWA BARAT,90.71,Sekolah
Tahun 2021,JAWA TENGAH,93.39,Sekolah
Tahun 2021,DI YOGYAKARTA,98.49,Sekolah
Tahun 2021,JAWA TIMUR,89.65,Sekolah
Tahun 2021,BANTEN,83.91,Sekolah
Tahun 2021,BALI,94.54,Sekolah
Tahun 2021,NUSA TENGGARA BARAT,80.57,Sekolah
Tahun 2021,NUSA TENGGARA TIMUR,61.47,Sekolah
Tahun 2021,KALIMANTAN BARAT,77.75,Sekolah
Tahun 2021,KALIMANTAN TENGAH,82.41,Sekolah
Tahun 2021,KALIMANTAN SELATAN,96.36,Sekolah
Tahun 2021,KALIMANTAN TIMUR,92.77,Sekolah
Tahun 2021,KALIMANTAN UTARA,87.20,Sekolah
Tahun 2021,SULAWESI UTARA,84.41,Sekolah
Tahun 2021,SULAWESI TENGAH,76.67,Sekolah
Tahun 2021,SULAWESI SELATAN,89.99,Sekolah
Tahun 2021,SULAWESI TENGGARA,81.11,Sekolah
Tahun 2021,GORONTALO,86.21,Sekolah
Tahun 2021,SULAWESI BARAT,74.40,Sekolah
Tahun 2021,MALUKU,64.90,Sekolah
Tahun 2021,MALUKU UTARA,57.16,Sekolah
Tahun 2021,PAPUA BARAT,67.25,Sekolah
Tahun 2021,PAPUA,39.71,Sekolah
Tahun 2021,INDONESIA,85.82,Sekolah
Tahun 2021,ACEH,42.56,Mengurus Rumah Tangga
Tahun 2021,SUMATERA UTARA,54.10,Mengurus Rumah Tangga
Tahun 2021,SUMATERA BARAT,50.56,Mengurus Rumah Tangga
Tahun 2021,RIAU,55.84,Mengurus Rumah Tangga
Tahun 2021,JAMBI,49.03,Mengurus Rumah Tangga
Tahun 2021,SUMATERA SELATAN,49.21,Mengurus Rumah Tangga
Tahun 2021,BENGKULU,48.41,Mengurus Rumah Tangga
Tahun 2021,LAMPUNG,51.64,Mengurus Rumah Tangga
Tahun 2021,KEP. BANGKA BELITUNG,51.86,Mengurus Rumah Tangga
Tahun 2021,KEP. RIAU,78.00,Mengurus Rumah Tangga
Tahun 2021,DKI JAKARTA,79.97,Mengurus Rumah Tangga
Tahun 2021,JAWA BARAT,59.31,Mengurus Rumah Tangga
Tahun 2021,JAWA TENGAH,52.03,Mengurus Rumah Tangga
Tahun 2021,DI YOGYAKARTA,65.57,Mengurus Rumah Tangga
Tahun 2021,JAWA TIMUR,50.04,Mengurus Rumah Tangga
Tahun 2021,BANTEN,58.39,Mengurus Rumah Tangga
Tahun 2021,BALI,55.92,Mengurus Rumah Tangga
Tahun 2021,NUSA TENGGARA BARAT,43.87,Mengurus Rumah Tangga
Tahun 2021,NUSA TENGGARA TIMUR,40.88,Mengurus Rumah Tangga
Tahun 2021,KALIMANTAN BARAT,50.26,Mengurus Rumah Tangga
Tahun 2021,KALIMANTAN TENGAH,53.34,Mengurus Rumah Tangga
Tahun 2021,KALIMANTAN SELATAN,56.04,Mengurus Rumah Tangga
Tahun 2021,KALIMANTAN TIMUR,66.67,Mengurus Rumah Tangga
Tahun 2021,KALIMANTAN UTARA,62.67,Mengurus Rumah Tangga
Tahun 2021,SULAWESI UTARA,52.17,Mengurus Rumah Tangga
Tahun 2021,SULAWESI TENGAH,43.96,Mengurus Rumah Tangga
Tahun 2021,SULAWESI SELATAN,50.04,Mengurus Rumah Tangga
Tahun 2021,SULAWESI TENGGARA,51.53,Mengurus Rumah Tangga
Tahun 2021,GORONTALO,48.27,Mengurus Rumah Tangga
Tahun 2021,SULAWESI BARAT,45.58,Mengurus Rumah Tangga
Tahun 2021,MALUKU,44.46,Mengurus Rumah Tangga
Tahun 2021,MALUKU UTARA,38.94,Mengurus Rumah Tangga
Tahun 2021,PAPUA BARAT,51.92,Mengurus Rumah Tangga
Tahun 2021,PAPUA,28.00,Mengurus Rumah Tangga
Tahun 2021,INDONESIA,54.19,Mengurus Rumah Tangga
Tahun 2021,ACEH,60.80,Lainnya
Tahun 2021,SUMATERA UTARA,58.59,Lainnya
Tahun 2021,SUMATERA BARAT,61.90,Lainnya
Tahun 2021,RIAU,68.95,Lainnya
Tahun 2021,JAMBI,64.45,Lainnya
Tahun 2021,SUMATERA SELATAN,59.65,Lainnya
Tahun 2021,BENGKULU,55.84,Lainnya
Tahun 2021,LAMPUNG,64.74,Lainnya
Tahun 2021,KEP. BANGKA BELITUNG,63.13,Lainnya
Tahun 2021,KEP. RIAU,78.43,Lainnya
Tahun 2021,DKI JAKARTA,77.27,Lainnya
Tahun 2021,JAWA BARAT,67.44,Lainnya
Tahun 2021,JAWA TENGAH,60.28,Lainnya
Tahun 2021,DI YOGYAKARTA,62.87,Lainnya
Tahun 2021,JAWA TIMUR,58.33,Lainnya
Tahun 2021,BANTEN,67.92,Lainnya
Tahun 2021,BALI,67.80,Lainnya
Tahun 2021,NUSA TENGGARA BARAT,58.00,Lainnya
Tahun 2021,NUSA TENGGARA TIMUR,50.79,Lainnya
Tahun 2021,KALIMANTAN BARAT,59.08,Lainnya
Tahun 2021,KALIMANTAN TENGAH,61.47,Lainnya
Tahun 2021,KALIMANTAN SELATAN,66.65,Lainnya
Tahun 2021,KALIMANTAN TIMUR,72.29,Lainnya
Tahun 2021,KALIMANTAN UTARA,69.49,Lainnya
Tahun 2021,SULAWESI UTARA,62.39,Lainnya
Tahun 2021,SULAWESI TENGAH,60.42,Lainnya
Tahun 2021,SULAWESI SELATAN,66.31,Lainnya
Tahun 2021,SULAWESI TENGGARA,71.12,Lainnya
Tahun 2021,GORONTALO,67.23,Lainnya
Tahun 2021,SULAWESI BARAT,57.59,Lainnya
Tahun 2021,MALUKU,60.37,Lainnya
Tahun 2021,MALUKU UTARA,49.17,Lainnya
Tahun 2021,PAPUA BARAT,61.87,Lainnya
Tahun 2021,PAPUA,35.29,Lainnya
Tahun 2021,INDONESIA,64.09,Lainnya
Tahun 2016,ACEH,54.44,Bekerja
Tahun 2016,SUMATERA UTARA,51.19,Bekerja
Tahun 2016,SUMATERA BARAT,49.3,Bekerja
Tahun 2016,RIAU,54.57,Bekerja
Tahun 2016,JAMBI,55.92,Bekerja
Tahun 2016,SUMATERA SELATAN,51.27,Bekerja
Tahun 2016,BENGKULU,53.69,Bekerja
Tahun 2016,LAMPUNG,53.6,Bekerja
Tahun 2016,KEP. BANGKA BELITUNG,55.93,Bekerja
Tahun 2016,KEP. RIAU,59.31,Bekerja
Tahun 2016,DKI JAKARTA,61.96,Bekerja
Tahun 2016,JAWA BARAT,51.79,Bekerja
Tahun 2016,JAWA TENGAH,51.64,Bekerja
Tahun 2016,DI YOGYAKARTA,54.54,Bekerja
Tahun 2016,JAWA TIMUR,52.69,Bekerja
Tahun 2016,BANTEN,58.16,Bekerja
Tahun 2016,BALI,62.13,Bekerja
Tahun 2016,NUSA TENGGARA BARAT,53.45,Bekerja
Tahun 2016,NUSA TENGGARA TIMUR,55.59,Bekerja
Tahun 2016,KALIMANTAN BARAT,56.61,Bekerja
Tahun 2016,KALIMANTAN TENGAH,57.62,Bekerja
Tahun 2016,KALIMANTAN SELATAN,54.77,Bekerja
Tahun 2016,KALIMANTAN TIMUR,53.12,Bekerja
Tahun 2016,KALIMANTAN UTARA,56.22,Bekerja
Tahun 2016,SULAWESI UTARA,50.65,Bekerja
Tahun 2016,SULAWESI TENGAH,53.46,Bekerja
Tahun 2016,SULAWESI SELATAN,50.76,Bekerja
Tahun 2016,SULAWESI TENGGARA,54.25,Bekerja
Tahun 2016,GORONTALO,49.36,Bekerja
Tahun 2016,SULAWESI BARAT,55.74,Bekerja
Tahun 2016,MALUKU,47.66,Bekerja
Tahun 2016,MALUKU UTARA,54.3,Bekerja
Tahun 2016,PAPUA BARAT,51.02,Bekerja
Tahun 2016,PAPUA,53.89,Bekerja
Tahun 2016,INDONESIA,53.82,Bekerja
Tahun 2016,ACEH,35.82,Sekolah
Tahun 2016,SUMATERA UTARA,40.84,Sekolah
Tahun 2016,SUMATERA BARAT,41.31,Sekolah
Tahun 2016,RIAU,34.5,Sekolah
Tahun 2016,JAMBI,34.67,Sekolah
Tahun 2016,SUMATERA SELATAN,34.52,Sekolah
Tahun 2016,BENGKULU,40.19,Sekolah
Tahun 2016,LAMPUNG,36.4,Sekolah
Tahun 2016,KEP. BANGKA BELITUNG,31.05,Sekolah
Tahun 2016,KEP. RIAU,23.57,Sekolah
Tahun 2016,DKI JAKARTA,22.24,Sekolah
Tahun 2016,JAWA BARAT,31.14,Sekolah
Tahun 2016,JAWA TENGAH,37.57,Sekolah
Tahun 2016,DI YOGYAKARTA,37.92,Sekolah
Tahun 2016,JAWA TIMUR,36.25,Sekolah
Tahun 2016,BANTEN,27.98,Sekolah
Tahun 2016,BALI,33.22,Sekolah
Tahun 2016,NUSA TENGGARA BARAT,37.25,Sekolah
Tahun 2016,NUSA TENGGARA TIMUR,33.34,Sekolah
Tahun 2016,KALIMANTAN BARAT,33.36,Sekolah
Tahun 2016,KALIMANTAN TENGAH,32.24,Sekolah
Tahun 2016,KALIMANTAN SELATAN,34.24,Sekolah
Tahun 2016,KALIMANTAN TIMUR,30.03,Sekolah
Tahun 2016,KALIMANTAN UTARA,30.3,Sekolah
Tahun 2016,SULAWESI UTARA,27.5,Sekolah
Tahun 2016,SULAWESI TENGAH,37.83,Sekolah
Tahun 2016,SULAWESI SELATAN,37.2,Sekolah
Tahun 2016,SULAWESI TENGGARA,38.49,Sekolah
Tahun 2016,GORONTALO,40.78,Sekolah
Tahun 2016,SULAWESI BARAT,37.18,Sekolah
Tahun 2016,MALUKU,37.67,Sekolah
Tahun 2016,MALUKU UTARA,33.31,Sekolah
Tahun 2016,PAPUA BARAT,31.85,Sekolah
Tahun 2016,PAPUA,28.95,Sekolah
Tahun 2016,INDONESIA,33.49,Sekolah
Tahun 2016,ACEH,45.4,Mengurus Rumah Tangga
Tahun 2016,SUMATERA UTARA,40.13,Mengurus Rumah Tangga
Tahun 2016,SUMATERA BARAT,55.28,Mengurus Rumah Tangga
Tahun 2016,RIAU,54.17,Mengurus Rumah Tangga
Tahun 2016,JAMBI,45.97,Mengurus Rumah Tangga
Tahun 2016,SUMATERA SELATAN,40.14,Mengurus Rumah Tangga
Tahun 2016,BENGKULU,59.7,Mengurus Rumah Tangga
Tahun 2016,LAMPUNG,52.62,Mengurus Rumah Tangga
Tahun 2016,KEP. BANGKA BELITUNG,58.44,Mengurus Rumah Tangga
Tahun 2016,KEP. RIAU,50.9,Mengurus Rumah Tangga
Tahun 2016,DKI JAKARTA,42.52,Mengurus Rumah Tangga
Tahun 2016,JAWA BARAT,37.96,Mengurus Rumah Tangga
Tahun 2016,JAWA TENGAH,54.6,Mengurus Rumah Tangga
Tahun 2016,DI YOGYAKARTA,73.53,Mengurus Rumah Tangga
Tahun 2016,JAWA TIMUR,44.01,Mengurus Rumah Tangga
Tahun 2016,BANTEN,46.84,Mengurus Rumah Tangga
Tahun 2016,BALI,80.54,Mengurus Rumah Tangga
Tahun 2016,NUSA TENGGARA BARAT,47.06,Mengurus Rumah Tangga
Tahun 2016,NUSA TENGGARA TIMUR,64,Mengurus Rumah Tangga
Tahun 2016,KALIMANTAN BARAT,40.86,Mengurus Rumah Tangga
Tahun 2016,KALIMANTAN TENGAH,54.09,Mengurus Rumah Tangga
Tahun 2016,KALIMANTAN SELATAN,58.93,Mengurus Rumah Tangga
Tahun 2016,KALIMANTAN TIMUR,53.93,Mengurus Rumah Tangga
Tahun 2016,KALIMANTAN UTARA,52.08,Mengurus Rumah Tangga
Tahun 2016,SULAWESI UTARA,44.14,Mengurus Rumah Tangga
Tahun 2016,SULAWESI TENGAH,58.93,Mengurus Rumah Tangga
Tahun 2016,SULAWESI SELATAN,47.71,Mengurus Rumah Tangga
Tahun 2016,SULAWESI TENGGARA,65.06,Mengurus Rumah Tangga
Tahun 2016,GORONTALO,65.12,Mengurus Rumah Tangga
Tahun 2016,SULAWESI BARAT,55.46,Mengurus Rumah Tangga
Tahun 2016,MALUKU,63.22,Mengurus Rumah Tangga
Tahun 2016,MALUKU UTARA,60.95,Mengurus Rumah Tangga
Tahun 2016,PAPUA BARAT,41.36,Mengurus Rumah Tangga
Tahun 2016,PAPUA,41.03,Mengurus Rumah Tangga
Tahun 2016,INDONESIA,47.69,Mengurus Rumah Tangga
Tahun 2016,ACEH,39.99,Lainnya
Tahun 2016,SUMATERA UTARA,35,Lainnya
Tahun 2016,SUMATERA BARAT,26.03,Lainnya
Tahun 2016,RIAU,35.71,Lainnya
Tahun 2016,JAMBI,45.8,Lainnya
Tahun 2016,SUMATERA SELATAN,29.61,Lainnya
Tahun 2016,BENGKULU,36.95,Lainnya
Tahun 2016,LAMPUNG,47.19,Lainnya
Tahun 2016,KEP. BANGKA BELITUNG,32.21,Lainnya
Tahun 2016,KEP. RIAU,31.69,Lainnya
Tahun 2016,DKI JAKARTA,39.69,Lainnya
Tahun 2016,JAWA BARAT,38.06,Lainnya
Tahun 2016,JAWA TENGAH,49.8,Lainnya
Tahun 2016,DI YOGYAKARTA,71.74,Lainnya
Tahun 2016,JAWA TIMUR,42.31,Lainnya
Tahun 2016,BANTEN,36.27,Lainnya
Tahun 2016,BALI,57.92,Lainnya
Tahun 2016,NUSA TENGGARA BARAT,42.02,Lainnya
Tahun 2016,NUSA TENGGARA TIMUR,42.86,Lainnya
Tahun 2016,KALIMANTAN BARAT,33.82,Lainnya
Tahun 2016,KALIMANTAN TENGAH,40.1,Lainnya
Tahun 2016,KALIMANTAN SELATAN,53.66,Lainnya
Tahun 2016,KALIMANTAN TIMUR,44.31,Lainnya
Tahun 2016,KALIMANTAN UTARA,36.92,Lainnya
Tahun 2016,SULAWESI UTARA,71.57,Lainnya
Tahun 2016,SULAWESI TENGAH,37.31,Lainnya
Tahun 2016,SULAWESI SELATAN,22.12,Lainnya
Tahun 2016,SULAWESI TENGGARA,28.57,Lainnya
Tahun 2016,GORONTALO,31.78,Lainnya
Tahun 2016,SULAWESI BARAT,21.58,Lainnya
Tahun 2016,MALUKU,71.61,Lainnya
Tahun 2016,MALUKU UTARA,34.63,Lainnya
Tahun 2016,PAPUA BARAT,34.73,Lainnya
Tahun 2016,PAPUA,29.53,Lainnya
Tahun 2016,INDONESIA,41.16,Lainnya
Tahun 2017,ACEH,54.09,Bekerja
Tahun 2017,SUMATERA UTARA,52.05,Bekerja
Tahun 2017,SUMATERA BARAT,49.05,Bekerja
Tahun 2017,RIAU,53.01,Bekerja
Tahun 2017,JAMBI,52.38,Bekerja
Tahun 2017,SUMATERA SELATAN,53.1,Bekerja
Tahun 2017,BENGKULU,53.3,Bekerja
Tahun 2017,LAMPUNG,52.38,Bekerja
Tahun 2017,KEP. BANGKA BELITUNG,56.63,Bekerja
Tahun 2017,KEP. RIAU,61.12,Bekerja
Tahun 2017,DKI JAKARTA,62.35,Bekerja
Tahun 2017,JAWA BARAT,53.57,Bekerja
Tahun 2017,JAWA TENGAH,54.08,Bekerja
Tahun 2017,DI YOGYAKARTA,58.5,Bekerja
Tahun 2017,JAWA TIMUR,54.81,Bekerja
Tahun 2017,BANTEN,55.87,Bekerja
Tahun 2017,BALI,63.86,Bekerja
Tahun 2017,NUSA TENGGARA BARAT,52.82,Bekerja
Tahun 2017,NUSA TENGGARA TIMUR,54.84,Bekerja
Tahun 2017,KALIMANTAN BARAT,55.4,Bekerja
Tahun 2017,KALIMANTAN TENGAH,57.39,Bekerja
Tahun 2017,KALIMANTAN SELATAN,54.77,Bekerja
Tahun 2017,KALIMANTAN TIMUR,55.3,Bekerja
Tahun 2017,KALIMANTAN UTARA,56.59,Bekerja
Tahun 2017,SULAWESI UTARA,49.99,Bekerja
Tahun 2017,SULAWESI TENGAH,55.99,Bekerja
Tahun 2017,SULAWESI SELATAN,49.42,Bekerja
Tahun 2017,SULAWESI TENGGARA,55.14,Bekerja
Tahun 2017,GORONTALO,50.57,Bekerja
Tahun 2017,SULAWESI BARAT,54.11,Bekerja
Tahun 2017,MALUKU,45.48,Bekerja
Tahun 2017,MALUKU UTARA,57.35,Bekerja
Tahun 2017,PAPUA BARAT,52.37,Bekerja
Tahun 2017,PAPUA,57.84,Bekerja
Tahun 2017,INDONESIA,54.58,Bekerja
Tahun 2017,ACEH,30.6,Sekolah
Tahun 2017,SUMATERA UTARA,35.15,Sekolah
Tahun 2017,SUMATERA BARAT,36.93,Sekolah
Tahun 2017,RIAU,30.45,Sekolah
Tahun 2017,JAMBI,32.85,Sekolah
Tahun 2017,SUMATERA SELATAN,31.36,Sekolah
Tahun 2017,BENGKULU,34.91,Sekolah
Tahun 2017,LAMPUNG,34.19,Sekolah
Tahun 2017,KEP. BANGKA BELITUNG,28.85,Sekolah
Tahun 2017,KEP. RIAU,22.64,Sekolah
Tahun 2017,DKI JAKARTA,18.4,Sekolah
Tahun 2017,JAWA BARAT,26.25,Sekolah
Tahun 2017,JAWA TENGAH,32.03,Sekolah
Tahun 2017,DI YOGYAKARTA,30.35,Sekolah
Tahun 2017,JAWA TIMUR,30.4,Sekolah
Tahun 2017,BANTEN,24.95,Sekolah
Tahun 2017,BALI,29.87,Sekolah
Tahun 2017,NUSA TENGGARA BARAT,30.89,Sekolah
Tahun 2017,NUSA TENGGARA TIMUR,34.28,Sekolah
Tahun 2017,KALIMANTAN BARAT,30.16,Sekolah
Tahun 2017,KALIMANTAN TENGAH,27.64,Sekolah
Tahun 2017,KALIMANTAN SELATAN,31.24,Sekolah
Tahun 2017,KALIMANTAN TIMUR,26,Sekolah
Tahun 2017,KALIMANTAN UTARA,26.49,Sekolah
Tahun 2017,SULAWESI UTARA,26.36,Sekolah
Tahun 2017,SULAWESI TENGAH,32.49,Sekolah
Tahun 2017,SULAWESI SELATAN,34.19,Sekolah
Tahun 2017,SULAWESI TENGGARA,34.87,Sekolah
Tahun 2017,GORONTALO,33.27,Sekolah
Tahun 2017,SULAWESI BARAT,34.69,Sekolah
Tahun 2017,MALUKU,37.62,Sekolah
Tahun 2017,MALUKU UTARA,29.32,Sekolah
Tahun 2017,PAPUA BARAT,28.75,Sekolah
Tahun 2017,PAPUA,23.59,Sekolah
Tahun 2017,INDONESIA,33.49,Sekolah
Tahun 2017,ACEH,36.34,Mengurus Rumah Tangga
Tahun 2017,SUMATERA UTARA,36.67,Mengurus Rumah Tangga
Tahun 2017,SUMATERA BARAT,46.23,Mengurus Rumah Tangga
Tahun 2017,RIAU,45.86,Mengurus Rumah Tangga
Tahun 2017,JAMBI,39.89,Mengurus Rumah Tangga
Tahun 2017,SUMATERA SELATAN,37.15,Mengurus Rumah Tangga
Tahun 2017,BENGKULU,41.74,Mengurus Rumah Tangga
Tahun 2017,LAMPUNG,42.06,Mengurus Rumah Tangga
Tahun 2017,KEP. BANGKA BELITUNG,46.14,Mengurus Rumah Tangga
Tahun 2017,KEP. RIAU,41.44,Mengurus Rumah Tangga
Tahun 2017,DKI JAKARTA,33.23,Mengurus Rumah Tangga
Tahun 2017,JAWA BARAT,37.41,Mengurus Rumah Tangga
Tahun 2017,JAWA TENGAH,46.62,Mengurus Rumah Tangga
Tahun 2017,DI YOGYAKARTA,60.87,Mengurus Rumah Tangga
Tahun 2017,JAWA TIMUR,41.42,Mengurus Rumah Tangga
Tahun 2017,BANTEN,38.54,Mengurus Rumah Tangga
Tahun 2017,BALI,73,Mengurus Rumah Tangga
Tahun 2017,NUSA TENGGARA BARAT,50.02,Mengurus Rumah Tangga
Tahun 2017,NUSA TENGGARA TIMUR,56.74,Mengurus Rumah Tangga
Tahun 2017,KALIMANTAN BARAT,33.28,Mengurus Rumah Tangga
Tahun 2017,KALIMANTAN TENGAH,45.75,Mengurus Rumah Tangga
Tahun 2017,KALIMANTAN SELATAN,52.35,Mengurus Rumah Tangga
Tahun 2017,KALIMANTAN TIMUR,44.42,Mengurus Rumah Tangga
Tahun 2017,KALIMANTAN UTARA,42.12,Mengurus Rumah Tangga
Tahun 2017,SULAWESI UTARA,41.69,Mengurus Rumah Tangga
Tahun 2017,SULAWESI TENGAH,56.16,Mengurus Rumah Tangga
Tahun 2017,SULAWESI SELATAN,41.08,Mengurus Rumah Tangga
Tahun 2017,SULAWESI TENGGARA,58.31,Mengurus Rumah Tangga
Tahun 2017,GORONTALO,62.7,Mengurus Rumah Tangga
Tahun 2017,SULAWESI BARAT,52.51,Mengurus Rumah Tangga
Tahun 2017,MALUKU,57.82,Mengurus Rumah Tangga
Tahun 2017,MALUKU UTARA,53,Mengurus Rumah Tangga
Tahun 2017,PAPUA BARAT,39.6,Mengurus Rumah Tangga
Tahun 2017,PAPUA,33.03,Mengurus Rumah Tangga
Tahun 2017,INDONESIA,42.17,Mengurus Rumah Tangga
Tahun 2017,ACEH,26.33,Lainnya
Tahun 2017,SUMATERA UTARA,25.92,Lainnya
Tahun 2017,SUMATERA BARAT,13.33,Lainnya
Tahun 2017,RIAU,22.69,Lainnya
Tahun 2017,JAMBI,27.99,Lainnya
Tahun 2017,SUMATERA SELATAN,25.13,Lainnya
Tahun 2017,BENGKULU,18.17,Lainnya
Tahun 2017,LAMPUNG,22.89,Lainnya
Tahun 2017,KEP. BANGKA BELITUNG,15.3,Lainnya
Tahun 2017,KEP. RIAU,14.76,Lainnya
Tahun 2017,DKI JAKARTA,22.52,Lainnya
Tahun 2017,JAWA BARAT,29.65,Lainnya
Tahun 2017,JAWA TENGAH,35.3,Lainnya
Tahun 2017,DI YOGYAKARTA,56.28,Lainnya
Tahun 2017,JAWA TIMUR,29.32,Lainnya
Tahun 2017,BANTEN,24.51,Lainnya
Tahun 2017,BALI,41.66,Lainnya
Tahun 2017,NUSA TENGGARA BARAT,27.93,Lainnya
Tahun 2017,NUSA TENGGARA TIMUR,35.83,Lainnya
Tahun 2017,KALIMANTAN BARAT,15.64,Lainnya
Tahun 2017,KALIMANTAN TENGAH,26.44,Lainnya
Tahun 2017,KALIMANTAN SELATAN,36.09,Lainnya
Tahun 2017,KALIMANTAN TIMUR,31.56,Lainnya
Tahun 2017,KALIMANTAN UTARA,19.33,Lainnya
Tahun 2017,SULAWESI UTARA,46.2,Lainnya
Tahun 2017,SULAWESI TENGAH,25.84,Lainnya
Tahun 2017,SULAWESI SELATAN,10.89,Lainnya
Tahun 2017,SULAWESI TENGGARA,16.53,Lainnya
Tahun 2017,GORONTALO,20.93,Lainnya
Tahun 2017,SULAWESI BARAT,8.79,Lainnya
Tahun 2017,MALUKU,57.02,Lainnya
Tahun 2017,MALUKU UTARA,15.5,Lainnya
Tahun 2017,PAPUA BARAT,19.16,Lainnya
Tahun 2017,PAPUA,14.19,Lainnya
Tahun 2017,INDONESIA,28.25,Lainnya
Tahun 2018,ACEH,37.4,Bekerja
Tahun 2018,SUMATERA UTARA,37.06,Bekerja
Tahun 2018,SUMATERA BARAT,39.79,Bekerja
Tahun 2018,RIAU,47.18,Bekerja
Tahun 2018,JAMBI,38.85,Bekerja
Tahun 2018,SUMATERA SELATAN,36.14,Bekerja
Tahun 2018,BENGKULU,34.37,Bekerja
Tahun 2018,LAMPUNG,35.19,Bekerja
Tahun 2018,KEP. BANGKA BELITUNG,42.19,Bekerja
Tahun 2018,KEP. RIAU,66.66,Bekerja
Tahun 2018,DKI JAKARTA,78.9,Bekerja
Tahun 2018,JAWA BARAT,52.1,Bekerja
Tahun 2018,JAWA TENGAH,40.79,Bekerja
Tahun 2018,DI YOGYAKARTA,58,Bekerja
Tahun 2018,JAWA TIMUR,41.07,Bekerja
Tahun 2018,BANTEN,57.67,Bekerja
Tahun 2018,BALI,50.64,Bekerja
Tahun 2018,NUSA TENGGARA BARAT,31.28,Bekerja
Tahun 2018,NUSA TENGGARA TIMUR,25.28,Bekerja
Tahun 2018,KALIMANTAN BARAT,33.04,Bekerja
Tahun 2018,KALIMANTAN TENGAH,39.56,Bekerja
Tahun 2018,KALIMANTAN SELATAN,44.34,Bekerja
Tahun 2018,KALIMANTAN TIMUR,59.13,Bekerja
Tahun 2018,KALIMANTAN UTARA,56.23,Bekerja
Tahun 2018,SULAWESI UTARA,45.06,Bekerja
Tahun 2018,SULAWESI TENGAH,31.96,Bekerja
Tahun 2018,SULAWESI SELATAN,42.18,Bekerja
Tahun 2018,SULAWESI TENGGARA,38.01,Bekerja
Tahun 2018,GORONTALO,35.27,Bekerja
Tahun 2018,SULAWESI BARAT,30.59,Bekerja
Tahun 2018,MALUKU,35.57,Bekerja
Tahun 2018,MALUKU UTARA,32.33,Bekerja
Tahun 2018,PAPUA BARAT,43.05,Bekerja
Tahun 2018,PAPUA,20.92,Bekerja
Tahun 2018,INDONESIA,44.58,Bekerja
Tahun 2018,ACEH,40.4,Sekolah
Tahun 2018,SUMATERA UTARA,51.38,Sekolah
Tahun 2018,SUMATERA BARAT,55.82,Sekolah
Tahun 2018,RIAU,54.72,Sekolah
Tahun 2018,JAMBI,56.18,Sekolah
Tahun 2018,SUMATERA SELATAN,53.15,Sekolah
Tahun 2018,BENGKULU,52.13,Sekolah
Tahun 2018,LAMPUNG,53.95,Sekolah
Tahun 2018,KEP. BANGKA BELITUNG,58.05,Sekolah
Tahun 2018,KEP. RIAU,60.45,Sekolah
Tahun 2018,DKI JAKARTA,73.54,Sekolah
Tahun 2018,JAWA BARAT,63.93,Sekolah
Tahun 2018,JAWA TENGAH,65.1,Sekolah
Tahun 2018,DI YOGYAKARTA,82.06,Sekolah
Tahun 2018,JAWA TIMUR,65.22,Sekolah
Tahun 2018,BANTEN,60.89,Sekolah
Tahun 2018,BALI,68.4,Sekolah
Tahun 2018,NUSA TENGGARA BARAT,45.67,Sekolah
Tahun 2018,NUSA TENGGARA TIMUR,27.25,Sekolah
Tahun 2018,KALIMANTAN BARAT,45.88,Sekolah
Tahun 2018,KALIMANTAN TENGAH,52.9,Sekolah
Tahun 2018,KALIMANTAN SELATAN,63.55,Sekolah
Tahun 2018,KALIMANTAN TIMUR,62.55,Sekolah
Tahun 2018,KALIMANTAN UTARA,56.67,Sekolah
Tahun 2018,SULAWESI UTARA,56.69,Sekolah
Tahun 2018,SULAWESI TENGAH,45.81,Sekolah
Tahun 2018,SULAWESI SELATAN,57.78,Sekolah
Tahun 2018,SULAWESI TENGGARA,49.32,Sekolah
Tahun 2018,GORONTALO,59.25,Sekolah
Tahun 2018,SULAWESI BARAT,37.72,Sekolah
Tahun 2018,MALUKU,40.94,Sekolah
Tahun 2018,MALUKU UTARA,32.93,Sekolah
Tahun 2018,PAPUA BARAT,42.3,Sekolah
Tahun 2018,PAPUA,27.34,Sekolah
Tahun 2018,INDONESIA,58.56,Sekolah
Tahun 2018,ACEH,23.09,Mengurus Rumah Tangga
Tahun 2018,SUMATERA UTARA,28.03,Mengurus Rumah Tangga
Tahun 2018,SUMATERA BARAT,27.91,Mengurus Rumah Tangga
Tahun 2018,RIAU,32.76,Mengurus Rumah Tangga
Tahun 2018,JAMBI,27.94,Mengurus Rumah Tangga
Tahun 2018,SUMATERA SELATAN,25.88,Mengurus Rumah Tangga
Tahun 2018,BENGKULU,26.49,Mengurus Rumah Tangga
Tahun 2018,LAMPUNG,24.89,Mengurus Rumah Tangga
Tahun 2018,KEP. BANGKA BELITUNG,29.34,Mengurus Rumah Tangga
Tahun 2018,KEP. RIAU,48.37,Mengurus Rumah Tangga
Tahun 2018,DKI JAKARTA,58.21,Mengurus Rumah Tangga
Tahun 2018,JAWA BARAT,37.29,Mengurus Rumah Tangga
Tahun 2018,JAWA TENGAH,29.23,Mengurus Rumah Tangga
Tahun 2018,DI YOGYAKARTA,45.11,Mengurus Rumah Tangga
Tahun 2018,JAWA TIMUR,29.7,Mengurus Rumah Tangga
Tahun 2018,BANTEN,38.2,Mengurus Rumah Tangga
Tahun 2018,BALI,31.94,Mengurus Rumah Tangga
Tahun 2018,NUSA TENGGARA BARAT,20.95,Mengurus Rumah Tangga
Tahun 2018,NUSA TENGGARA TIMUR,18.35,Mengurus Rumah Tangga
Tahun 2018,KALIMANTAN BARAT,27.36,Mengurus Rumah Tangga
Tahun 2018,KALIMANTAN TENGAH,29.76,Mengurus Rumah Tangga
Tahun 2018,KALIMANTAN SELATAN,33.31,Mengurus Rumah Tangga
Tahun 2018,KALIMANTAN TIMUR,44.74,Mengurus Rumah Tangga
Tahun 2018,KALIMANTAN UTARA,41.33,Mengurus Rumah Tangga
Tahun 2018,SULAWESI UTARA,35.17,Mengurus Rumah Tangga
Tahun 2018,SULAWESI TENGAH,23.01,Mengurus Rumah Tangga
Tahun 2018,SULAWESI SELATAN,27.94,Mengurus Rumah Tangga
Tahun 2018,SULAWESI TENGGARA,28.15,Mengurus Rumah Tangga
Tahun 2018,GORONTALO,28.19,Mengurus Rumah Tangga
Tahun 2018,SULAWESI BARAT,21.01,Mengurus Rumah Tangga
Tahun 2018,MALUKU,23.24,Mengurus Rumah Tangga
Tahun 2018,MALUKU UTARA,20.88,Mengurus Rumah Tangga
Tahun 2018,PAPUA BARAT,33.51,Mengurus Rumah Tangga
Tahun 2018,PAPUA,19.49,Mengurus Rumah Tangga
Tahun 2018,INDONESIA,32.18,Mengurus Rumah Tangga
Tahun 2018,ACEH,46.21,Lainnya
Tahun 2018,SUMATERA UTARA,42.91,Lainnya
Tahun 2018,SUMATERA BARAT,48.2,Lainnya
Tahun 2018,RIAU,48.1,Lainnya
Tahun 2018,JAMBI,38.52,Lainnya
Tahun 2018,SUMATERA SELATAN,43.19,Lainnya
Tahun 2018,BENGKULU,41.85,Lainnya
Tahun 2018,LAMPUNG,36.3,Lainnya
Tahun 2018,KEP. BANGKA BELITUNG,45.62,Lainnya
Tahun 2018,KEP. RIAU,53.33,Lainnya
Tahun 2018,DKI JAKARTA,61.59,Lainnya
Tahun 2018,JAWA BARAT,48.92,Lainnya
Tahun 2018,JAWA TENGAH,40.56,Lainnya
Tahun 2018,DI YOGYAKARTA,40.34,Lainnya
Tahun 2018,JAWA TIMUR,43.63,Lainnya
Tahun 2018,BANTEN,54.67,Lainnya
Tahun 2018,BALI,41.35,Lainnya
Tahun 2018,NUSA TENGGARA BARAT,38.2,Lainnya
Tahun 2018,NUSA TENGGARA TIMUR,35.11,Lainnya
Tahun 2018,KALIMANTAN BARAT,44.45,Lainnya
Tahun 2018,KALIMANTAN TENGAH,38.26,Lainnya
Tahun 2018,KALIMANTAN SELATAN,43.7,Lainnya
Tahun 2018,KALIMANTAN TIMUR,52.04,Lainnya
Tahun 2018,KALIMANTAN UTARA,44.78,Lainnya
Tahun 2018,SULAWESI UTARA,47.51,Lainnya
Tahun 2018,SULAWESI TENGAH,30.69,Lainnya
Tahun 2018,SULAWESI SELATAN,46.19,Lainnya
Tahun 2018,SULAWESI TENGGARA,36.79,Lainnya
Tahun 2018,GORONTALO,44.3,Lainnya
Tahun 2018,SULAWESI BARAT,33.8,Lainnya
Tahun 2018,MALUKU,38.38,Lainnya
Tahun 2018,MALUKU UTARA,32.59,Lainnya
Tahun 2018,PAPUA BARAT,43.46,Lainnya
Tahun 2018,PAPUA,27.26,Lainnya
Tahun 2018,INDONESIA,46.11,Lainnya
Tahun 2014,ACEH,50.97,Bekerja
Tahun 2014,SUMATERA UTARA,45.95,Bekerja
Tahun 2014,SUMATERA BARAT,45.78,Bekerja
Tahun 2014,RIAU,51.91,Bekerja
Tahun 2014,JAMBI,53.01,Bekerja
Tahun 2014,SUMATERA SELATAN,49,Bekerja
Tahun 2014,BENGKULU,50.7,Bekerja
Tahun 2014,LAMPUNG,48.05,Bekerja
Tahun 2014,KEP. BANGKA BELITUNG,55.75,Bekerja
Tahun 2014,KEP. RIAU,62.38,Bekerja
Tahun 2014,DKI JAKARTA,59.93,Bekerja
Tahun 2014,JAWA BARAT,49.46,Bekerja
Tahun 2014,JAWA TENGAH,46.79,Bekerja
Tahun 2014,DI YOGYAKARTA,49.22,Bekerja
Tahun 2014,JAWA TIMUR,49.19,Bekerja
Tahun 2014,BANTEN,55.45,Bekerja
Tahun 2014,BALI,60.17,Bekerja
Tahun 2014,NUSA TENGGARA BARAT,48.11,Bekerja
Tahun 2014,NUSA TENGGARA TIMUR,50.97,Bekerja
Tahun 2014,KALIMANTAN BARAT,50.45,Bekerja
Tahun 2014,KALIMANTAN TENGAH,57.64,Bekerja
Tahun 2014,KALIMANTAN SELATAN,52.06,Bekerja
Tahun 2014,KALIMANTAN TIMUR,53.11,Bekerja
Tahun 2014,KALIMANTAN UTARA,0,Bekerja
Tahun 2014,SULAWESI UTARA,46.37,Bekerja
Tahun 2014,SULAWESI TENGAH,54.72,Bekerja
Tahun 2014,SULAWESI SELATAN,44.71,Bekerja
Tahun 2014,SULAWESI TENGGARA,49.16,Bekerja
Tahun 2014,GORONTALO,48.49,Bekerja
Tahun 2014,SULAWESI BARAT,55.59,Bekerja
Tahun 2014,MALUKU,40.66,Bekerja
Tahun 2014,MALUKU UTARA,50.24,Bekerja
Tahun 2014,PAPUA BARAT,51.52,Bekerja
Tahun 2014,PAPUA,51.66,Bekerja
Tahun 2014,INDONESIA,50.67,Bekerja
Tahun 2014,ACEH,46.62,Sekolah
Tahun 2014,SUMATERA UTARA,49.44,Sekolah
Tahun 2014,SUMATERA BARAT,49.74,Sekolah
Tahun 2014,RIAU,38.99,Sekolah
Tahun 2014,JAMBI,40.23,Sekolah
Tahun 2014,SUMATERA SELATAN,43.34,Sekolah
Tahun 2014,BENGKULU,46.9,Sekolah
Tahun 2014,LAMPUNG,47.09,Sekolah
Tahun 2014,KEP. BANGKA BELITUNG,37.41,Sekolah
Tahun 2014,KEP. RIAU,27,Sekolah
Tahun 2014,DKI JAKARTA,29.6,Sekolah
Tahun 2014,JAWA BARAT,39.5,Sekolah
Tahun 2014,JAWA TENGAH,45.94,Sekolah
Tahun 2014,DI YOGYAKARTA,46.27,Sekolah
Tahun 2014,JAWA TIMUR,44.68,Sekolah
Tahun 2014,BANTEN,34.99,Sekolah
Tahun 2014,BALI,38.77,Sekolah
Tahun 2014,NUSA TENGGARA BARAT,48.42,Sekolah
Tahun 2014,NUSA TENGGARA TIMUR,43.25,Sekolah
Tahun 2014,KALIMANTAN BARAT,44.19,Sekolah
Tahun 2014,KALIMANTAN TENGAH,36.53,Sekolah
Tahun 2014,KALIMANTAN SELATAN,40.87,Sekolah
Tahun 2014,KALIMANTAN TIMUR,36.84,Sekolah
Tahun 2014,KALIMANTAN UTARA,0,Sekolah
Tahun 2014,SULAWESI UTARA,37.95,Sekolah
Tahun 2014,SULAWESI TENGAH,44.08,Sekolah
Tahun 2014,SULAWESI SELATAN,49.38,Sekolah
Tahun 2014,SULAWESI TENGGARA,49.94,Sekolah
Tahun 2014,GORONTALO,48.29,Sekolah
Tahun 2014,SULAWESI BARAT,45.13,Sekolah
Tahun 2014,MALUKU,49.69,Sekolah
Tahun 2014,MALUKU UTARA,47.94,Sekolah
Tahun 2014,PAPUA BARAT,40.39,Sekolah
Tahun 2014,PAPUA,40.41,Sekolah
Tahun 2014,INDONESIA,41.58,Sekolah
Tahun 2014,ACEH,38.11,Mengurus Rumah Tangga
Tahun 2014,SUMATERA UTARA,34.11,Mengurus Rumah Tangga
Tahun 2014,SUMATERA BARAT,46.19,Mengurus Rumah Tangga
Tahun 2014,RIAU,61.05,Mengurus Rumah Tangga
Tahun 2014,JAMBI,36.7,Mengurus Rumah Tangga
Tahun 2014,SUMATERA SELATAN,40.63,Mengurus Rumah Tangga
Tahun 2014,BENGKULU,51.42,Mengurus Rumah Tangga
Tahun 2014,LAMPUNG,50.03,Mengurus Rumah Tangga
Tahun 2014,KEP. BANGKA BELITUNG,46.84,Mengurus Rumah Tangga
Tahun 2014,KEP. RIAU,49.7,Mengurus Rumah Tangga
Tahun 2014,DKI JAKARTA,32.1,Mengurus Rumah Tangga
Tahun 2014,JAWA BARAT,36.88,Mengurus Rumah Tangga
Tahun 2014,JAWA TENGAH,50.88,Mengurus Rumah Tangga
Tahun 2014,DI YOGYAKARTA,73.96,Mengurus Rumah Tangga
Tahun 2014,JAWA TIMUR,42.09,Mengurus Rumah Tangga
Tahun 2014,BANTEN,29.39,Mengurus Rumah Tangga
Tahun 2014,BALI,81.23,Mengurus Rumah Tangga
Tahun 2014,NUSA TENGGARA BARAT,45.01,Mengurus Rumah Tangga
Tahun 2014,NUSA TENGGARA TIMUR,64.8,Mengurus Rumah Tangga
Tahun 2014,KALIMANTAN BARAT,36.32,Mengurus Rumah Tangga
Tahun 2014,KALIMANTAN TENGAH,50.5,Mengurus Rumah Tangga
Tahun 2014,KALIMANTAN SELATAN,39.63,Mengurus Rumah Tangga
Tahun 2014,KALIMANTAN TIMUR,33.65,Mengurus Rumah Tangga
Tahun 2014,KALIMANTAN UTARA,0,Mengurus Rumah Tangga
Tahun 2014,SULAWESI UTARA,40.85,Mengurus Rumah Tangga
Tahun 2014,SULAWESI TENGAH,63.13,Mengurus Rumah Tangga
Tahun 2014,SULAWESI SELATAN,43.46,Mengurus Rumah Tangga
Tahun 2014,SULAWESI TENGGARA,65.34,Mengurus Rumah Tangga
Tahun 2014,GORONTALO,52.59,Mengurus Rumah Tangga
Tahun 2014,SULAWESI BARAT,68.18,Mengurus Rumah Tangga
Tahun 2014,MALUKU,72.6,Mengurus Rumah Tangga
Tahun 2014,MALUKU UTARA,53.88,Mengurus Rumah Tangga
Tahun 2014,PAPUA BARAT,56.99,Mengurus Rumah Tangga
Tahun 2014,PAPUA,41.28,Mengurus Rumah Tangga
Tahun 2014,INDONESIA,43.27,Mengurus Rumah Tangga
Tahun 2014,ACEH,32.04,Lainnya
Tahun 2014,SUMATERA UTARA,35.28,Lainnya
Tahun 2014,SUMATERA BARAT,33.31,Lainnya
Tahun 2014,RIAU,55.07,Lainnya
Tahun 2014,JAMBI,47.14,Lainnya
Tahun 2014,SUMATERA SELATAN,34.72,Lainnya
Tahun 2014,BENGKULU,33.86,Lainnya
Tahun 2014,LAMPUNG,44.87,Lainnya
Tahun 2014,KEP. BANGKA BELITUNG,37.85,Lainnya
Tahun 2014,KEP. RIAU,32.6,Lainnya
Tahun 2014,DKI JAKARTA,50.17,Lainnya
Tahun 2014,JAWA BARAT,45.44,Lainnya
Tahun 2014,JAWA TENGAH,57.55,Lainnya
Tahun 2014,DI YOGYAKARTA,70.11,Lainnya
Tahun 2014,JAWA TIMUR,48.3,Lainnya
Tahun 2014,BANTEN,26.07,Lainnya
Tahun 2014,BALI,68.88,Lainnya
Tahun 2014,NUSA TENGGARA BARAT,43.59,Lainnya
Tahun 2014,NUSA TENGGARA TIMUR,43.68,Lainnya
Tahun 2014,KALIMANTAN BARAT,34.3,Lainnya
Tahun 2014,KALIMANTAN TENGAH,38.96,Lainnya
Tahun 2014,KALIMANTAN SELATAN,53.81,Lainnya
Tahun 2014,KALIMANTAN TIMUR,42.26,Lainnya
Tahun 2014,KALIMANTAN UTARA,0,Lainnya
Tahun 2014,SULAWESI UTARA,69.56,Lainnya
Tahun 2014,SULAWESI TENGAH,40.27,Lainnya
Tahun 2014,SULAWESI SELATAN,23.52,Lainnya
Tahun 2014,SULAWESI TENGGARA,36.1,Lainnya
Tahun 2014,GORONTALO,29.98,Lainnya
Tahun 2014,SULAWESI BARAT,26.04,Lainnya
Tahun 2014,MALUKU,79.54,Lainnya
Tahun 2014,MALUKU UTARA,36.56,Lainnya
Tahun 2014,PAPUA BARAT,50.21,Lainnya
Tahun 2014,PAPUA,36.91,Lainnya
Tahun 2014,INDONESIA,45.98,Lainnya
Tahun 2015,ACEH,50.96,Bekerja
Tahun 2015,SUMATERA UTARA,49.6,Bekerja
Tahun 2015,SUMATERA BARAT,44.95,Bekerja
Tahun 2015,RIAU,53.1,Bekerja
Tahun 2015,JAMBI,52.95,Bekerja
Tahun 2015,SUMATERA SELATAN,51.25,Bekerja
Tahun 2015,BENGKULU,49.12,Bekerja
Tahun 2015,LAMPUNG,51.8,Bekerja
Tahun 2015,KEP. BANGKA BELITUNG,55.11,Bekerja
Tahun 2015,KEP. RIAU,60.73,Bekerja
Tahun 2015,DKI JAKARTA,60.08,Bekerja
Tahun 2015,JAWA BARAT,50.7,Bekerja
Tahun 2015,JAWA TENGAH,48.88,Bekerja
Tahun 2015,DI YOGYAKARTA,52.82,Bekerja
Tahun 2015,JAWA TIMUR,50.59,Bekerja
Tahun 2015,BANTEN,56.29,Bekerja
Tahun 2015,BALI,61.74,Bekerja
Tahun 2015,NUSA TENGGARA BARAT,51.71,Bekerja
Tahun 2015,NUSA TENGGARA TIMUR,53.67,Bekerja
Tahun 2015,KALIMANTAN BARAT,54.36,Bekerja
Tahun 2015,KALIMANTAN TENGAH,56.35,Bekerja
Tahun 2015,KALIMANTAN SELATAN,52.33,Bekerja
Tahun 2015,KALIMANTAN TIMUR,53.57,Bekerja
Tahun 2015,KALIMANTAN UTARA,55.94,Bekerja
Tahun 2015,SULAWESI UTARA,48.77,Bekerja
Tahun 2015,SULAWESI TENGAH,53.33,Bekerja
Tahun 2015,SULAWESI SELATAN,47.51,Bekerja
Tahun 2015,SULAWESI TENGGARA,50.84,Bekerja
Tahun 2015,GORONTALO,48.17,Bekerja
Tahun 2015,SULAWESI BARAT,53.3,Bekerja
Tahun 2015,MALUKU,43.15,Bekerja
Tahun 2015,MALUKU UTARA,53.32,Bekerja
Tahun 2015,PAPUA BARAT,49.83,Bekerja
Tahun 2015,PAPUA,56.64,Bekerja
Tahun 2015,INDONESIA,52.07,Bekerja
Tahun 2015,ACEH,36.82,Sekolah
Tahun 2015,SUMATERA UTARA,43.49,Sekolah
Tahun 2015,SUMATERA BARAT,44.73,Sekolah
Tahun 2015,RIAU,35,Sekolah
Tahun 2015,JAMBI,37.69,Sekolah
Tahun 2015,SUMATERA SELATAN,37.03,Sekolah
Tahun 2015,BENGKULU,43.35,Sekolah
Tahun 2015,LAMPUNG,39.39,Sekolah
Tahun 2015,KEP. BANGKA BELITUNG,32.09,Sekolah
Tahun 2015,KEP. RIAU,25.54,Sekolah
Tahun 2015,DKI JAKARTA,24.19,Sekolah
Tahun 2015,JAWA BARAT,34.16,Sekolah
Tahun 2015,JAWA TENGAH,42.26,Sekolah
Tahun 2015,DI YOGYAKARTA,41.78,Sekolah
Tahun 2015,JAWA TIMUR,40.43,Sekolah
Tahun 2015,BANTEN,30.31,Sekolah
Tahun 2015,BALI,34.68,Sekolah
Tahun 2015,NUSA TENGGARA BARAT,41.72,Sekolah
Tahun 2015,NUSA TENGGARA TIMUR,36.69,Sekolah
Tahun 2015,KALIMANTAN BARAT,38.12,Sekolah
Tahun 2015,KALIMANTAN TENGAH,33.58,Sekolah
Tahun 2015,KALIMANTAN SELATAN,36.51,Sekolah
Tahun 2015,KALIMANTAN TIMUR,31.77,Sekolah
Tahun 2015,KALIMANTAN UTARA,32.6,Sekolah
Tahun 2015,SULAWESI UTARA,30.93,Sekolah
Tahun 2015,SULAWESI TENGAH,36.83,Sekolah
Tahun 2015,SULAWESI SELATAN,39.74,Sekolah
Tahun 2015,SULAWESI TENGGARA,41.48,Sekolah
Tahun 2015,GORONTALO,40.4,Sekolah
Tahun 2015,SULAWESI BARAT,39.11,Sekolah
Tahun 2015,MALUKU,44.9,Sekolah
Tahun 2015,MALUKU UTARA,38.25,Sekolah
Tahun 2015,PAPUA BARAT,32.46,Sekolah
Tahun 2015,PAPUA,31.06,Sekolah
Tahun 2015,INDONESIA,36.5,Sekolah
Tahun 2015,ACEH,38.4,Mengurus Rumah Tangga
Tahun 2015,SUMATERA UTARA,36.18,Mengurus Rumah Tangga
Tahun 2015,SUMATERA BARAT,51.14,Mengurus Rumah Tangga
Tahun 2015,RIAU,48.46,Mengurus Rumah Tangga
Tahun 2015,JAMBI,35.08,Mengurus Rumah Tangga
Tahun 2015,SUMATERA SELATAN,37.01,Mengurus Rumah Tangga
Tahun 2015,BENGKULU,43.41,Mengurus Rumah Tangga
Tahun 2015,LAMPUNG,42.39,Mengurus Rumah Tangga
Tahun 2015,KEP. BANGKA BELITUNG,48.63,Mengurus Rumah Tangga
Tahun 2015,KEP. RIAU,45.78,Mengurus Rumah Tangga
Tahun 2015,DKI JAKARTA,36.74,Mengurus Rumah Tangga
Tahun 2015,JAWA BARAT,34.76,Mengurus Rumah Tangga
Tahun 2015,JAWA TENGAH,45.61,Mengurus Rumah Tangga
Tahun 2015,DI YOGYAKARTA,66.38,Mengurus Rumah Tangga
Tahun 2015,JAWA TIMUR,40.74,Mengurus Rumah Tangga
Tahun 2015,BANTEN,35.07,Mengurus Rumah Tangga
Tahun 2015,BALI,73.1,Mengurus Rumah Tangga
Tahun 2015,NUSA TENGGARA BARAT,42.82,Mengurus Rumah Tangga
Tahun 2015,NUSA TENGGARA TIMUR,56.78,Mengurus Rumah Tangga
Tahun 2015,KALIMANTAN BARAT,35.6,Mengurus Rumah Tangga
Tahun 2015,KALIMANTAN TENGAH,46.95,Mengurus Rumah Tangga
Tahun 2015,KALIMANTAN SELATAN,43.6,Mengurus Rumah Tangga
Tahun 2015,KALIMANTAN TIMUR,31.5,Mengurus Rumah Tangga
Tahun 2015,KALIMANTAN UTARA,30.97,Mengurus Rumah Tangga
Tahun 2015,SULAWESI UTARA,43.1,Mengurus Rumah Tangga
Tahun 2015,SULAWESI TENGAH,54.37,Mengurus Rumah Tangga
Tahun 2015,SULAWESI SELATAN,40.31,Mengurus Rumah Tangga
Tahun 2015,SULAWESI TENGGARA,64.57,Mengurus Rumah Tangga
Tahun 2015,GORONTALO,58.05,Mengurus Rumah Tangga
Tahun 2015,SULAWESI BARAT,49.63,Mengurus Rumah Tangga
Tahun 2015,MALUKU,64.42,Mengurus Rumah Tangga
Tahun 2015,MALUKU UTARA,52.41,Mengurus Rumah Tangga
Tahun 2015,PAPUA BARAT,42.39,Mengurus Rumah Tangga
Tahun 2015,PAPUA,37.47,Mengurus Rumah Tangga
Tahun 2015,INDONESIA,41.46,Mengurus Rumah Tangga
Tahun 2015,ACEH,36.77,Lainnya
Tahun 2015,SUMATERA UTARA,33.06,Lainnya
Tahun 2015,SUMATERA BARAT,26.89,Lainnya
Tahun 2015,RIAU,39.01,Lainnya
Tahun 2015,JAMBI,44.98,Lainnya
Tahun 2015,SUMATERA SELATAN,32.42,Lainnya
Tahun 2015,BENGKULU,38.42,Lainnya
Tahun 2015,LAMPUNG,36.89,Lainnya
Tahun 2015,KEP. BANGKA BELITUNG,38.32,Lainnya
Tahun 2015,KEP. RIAU,31.91,Lainnya
Tahun 2015,DKI JAKARTA,46.58,Lainnya
Tahun 2015,JAWA BARAT,43.05,Lainnya
Tahun 2015,JAWA TENGAH,49.56,Lainnya
Tahun 2015,DI YOGYAKARTA,62.76,Lainnya
Tahun 2015,JAWA TIMUR,40.98,Lainnya
Tahun 2015,BANTEN,29.18,Lainnya
Tahun 2015,BALI,55.47,Lainnya
Tahun 2015,NUSA TENGGARA BARAT,41.74,Lainnya
Tahun 2015,NUSA TENGGARA TIMUR,40.99,Lainnya
Tahun 2015,KALIMANTAN BARAT,35.51,Lainnya
Tahun 2015,KALIMANTAN TENGAH,41.47,Lainnya
Tahun 2015,KALIMANTAN SELATAN,45.14,Lainnya
Tahun 2015,KALIMANTAN TIMUR,43.38,Lainnya
Tahun 2015,KALIMANTAN UTARA,35.13,Lainnya
Tahun 2015,SULAWESI UTARA,66.85,Lainnya
Tahun 2015,SULAWESI TENGAH,37.1,Lainnya
Tahun 2015,SULAWESI SELATAN,20.03,Lainnya
Tahun 2015,SULAWESI TENGGARA,32.32,Lainnya
Tahun 2015,GORONTALO,24.19,Lainnya
Tahun 2015,SULAWESI BARAT,20.34,Lainnya
Tahun 2015,MALUKU,67.94,Lainnya
Tahun 2015,MALUKU UTARA,35.91,Lainnya
Tahun 2015,PAPUA BARAT,41.94,Lainnya
Tahun 2015,PAPUA,25.01,Lainnya
Tahun 2015,INDONESIA,41.42,Lainnya